{
    "rmse": 0.6919279394205796,
    "mae": 0.5418638840844914,
    "r2": 0.29333686590286445
}