{
    "rmse": 0.7392102210968452,
    "mae": 0.5690087705159883,
    "r2": 0.25675136523665143
}