{
    "rmse": 0.6903005968778323,
    "mae": 0.5407581592647226,
    "r2": 0.23065200557030618
}