{
    "rmse": 0.7009555597335312,
    "mae": 0.5492423726684899,
    "r2": 0.2515143959838936
}